{"cameraMode":{"drawMode":0,"name":"Shaded","section":"Shading Mode"},"sceneLighting":false,"audioPlay":false,"sceneViewState":{"m_AlwaysRefresh":false,"showFog":false,"showSkybox":false,"showFlares":true,"showImageEffects":true,"showParticleSystems":true,"showVisualEffectGraphs":true,"m_FxEnabled":true},"in2DMode":false,"pivot":{"x":-2.304999828338623,"y":-7.005000114440918,"z":12.717500686645508},"rotation":{"x":0.1655501425266266,"y":0.046422481536865237,"z":-0.007869260385632515,"w":0.9851190447807312},"size":5.4904584884643559,"orthographic":false}