{"cameraMode":{"drawMode":0,"name":"Shaded","section":"Shading Mode"},"sceneLighting":false,"audioPlay":false,"sceneViewState":{"m_AlwaysRefresh":false,"showFog":false,"showSkybox":false,"showFlares":true,"showImageEffects":true,"showParticleSystems":true,"showVisualEffectGraphs":true,"m_FxEnabled":true},"in2DMode":false,"pivot":{"x":0.0851975679397583,"y":0.2899654507637024,"z":0.10120466351509094},"rotation":{"x":-0.6243900060653687,"y":-0.18994954228401185,"z":0.16016872227191926,"w":-0.7405544519424439},"size":1.485384464263916,"orthographic":false}