{"cameraMode":{"drawMode":0,"name":"Shaded","section":"Shading Mode"},"sceneLighting":true,"audioPlay":false,"sceneViewState":{"m_AlwaysRefresh":false,"showFog":true,"showSkybox":false,"showFlares":true,"showImageEffects":true,"showParticleSystems":true,"showVisualEffectGraphs":true,"m_FxEnabled":true},"in2DMode":false,"pivot":{"x":0.41721200942993166,"y":-0.8852195739746094,"z":-0.5144014358520508},"rotation":{"x":0.06353937089443207,"y":0.9243178963661194,"z":-0.17680634558200837,"w":0.33217453956604006},"size":4.006261825561523,"orthographic":false}