{"cameraMode":{"drawMode":0,"name":"Shaded","section":"Shading Mode"},"sceneLighting":true,"audioPlay":false,"sceneViewState":{"m_AlwaysRefresh":false,"showFog":false,"showSkybox":true,"showFlares":true,"showImageEffects":true,"showParticleSystems":true,"showVisualEffectGraphs":true,"m_FxEnabled":true},"in2DMode":false,"pivot":{"x":378.6160888671875,"y":-26.13406753540039,"z":-267.6495056152344},"rotation":{"x":0.0028212491888552906,"y":-0.9948441982269287,"z":0.09730534255504608,"w":0.028975099325180055},"size":29.036312103271486,"orthographic":false}