{"cameraMode":{"drawMode":0,"name":"Shaded","section":"Shading Mode"},"sceneLighting":true,"audioPlay":false,"sceneViewState":{"m_AlwaysRefresh":false,"showFog":false,"showSkybox":false,"showFlares":true,"showImageEffects":true,"showParticleSystems":true,"showVisualEffectGraphs":true,"m_FxEnabled":true},"in2DMode":false,"pivot":{"x":742.0528564453125,"y":-0.1341528296470642,"z":-127.71612548828125},"rotation":{"x":0.02884296514093876,"y":0.9703261852264404,"z":-0.14813955128192902,"w":0.18892444670200349},"size":3.0386290550231935,"orthographic":false}