{"cameraMode":{"drawMode":0,"name":"Shaded","section":"Shading Mode"},"sceneLighting":true,"audioPlay":false,"sceneViewState":{"m_AlwaysRefresh":false,"showFog":false,"showSkybox":false,"showFlares":true,"showImageEffects":true,"showParticleSystems":true,"showVisualEffectGraphs":true,"m_FxEnabled":true},"in2DMode":false,"pivot":{"x":608.127685546875,"y":-5.695073127746582,"z":-754.95556640625},"rotation":{"x":0.32830625772476199,"y":0.0033827440347522499,"z":-0.0012327373260632158,"w":0.9446071982383728},"size":3.1279335021972658,"orthographic":false}